{
  "timestamp": "2026-02-19T19:15:34.636Z",
  "repoId": "my-repo",
  "repoPath": "F:\\Claude\\projects\\sdl-mcp\\sdl-mcp",
  "metrics": {
    "indexTimePerFile": 203.40951712328766,
    "indexTimePerSymbol": 5.582291259398496,
    "symbolsPerFile": 36.43835616438356,
    "edgesPerSymbol": 13.292105263157895,
    "graphConnectivity": 0.8751879699248121,
    "exportedSymbolRatio": 0.5291353383458647,
    "sliceBuildTimeMs": 220.5907999999763,
    "avgSkeletonTimeMs": 0.8690846153879718,
    "avgCardTokens": 180.5,
    "avgSkeletonTokens": 9.153846153846153,
    "functionMethodRatio": 0.22105263157894736,
    "avgDepsPerSymbol": 13.292105263157895,
    "callEdgeCount": 6214,
    "importEdgeCount": 64500,
    "totalSymbols": 5320,
    "totalFiles": 146,
    "summaryGenerationMs": 1.6276999999972759,
    "summaryTokens": 522,
    "healthScore": 91,
    "watcherEventsProcessed": 0,
    "watcherErrors": 0
  },
  "thresholdResult": {
    "passed": false,
    "evaluations": [
      {
        "metricName": "indexTimePerFile",
        "category": "indexing",
        "currentValue": 203.40951712328766,
        "baselineValue": 364.75053736842113,
        "threshold": {
          "maxMs": 200,
          "trend": "lower-is-better",
          "allowableIncreasePercent": 10
        },
        "passed": true,
        "delta": -161.34102024513348,
        "deltaPercent": -44.233250870352755,
        "message": "Within tolerance (-44.2% increase)"
      },
      {
        "metricName": "indexTimePerSymbol",
        "category": "indexing",
        "currentValue": 5.582291259398496,
        "baselineValue": 9.948693956359463,
        "threshold": {
          "maxMs": 15,
          "trend": "lower-is-better",
          "allowableIncreasePercent": 60
        },
        "passed": true,
        "delta": -4.366402696960967,
        "deltaPercent": -43.889205116917374,
        "message": "Within tolerance (-43.9% increase)"
      },
      {
        "metricName": "symbolsPerFile",
        "category": "quality",
        "currentValue": 36.43835616438356,
        "baselineValue": 36.66315789473684,
        "threshold": {
          "minValue": 5,
          "trend": "higher-is-better",
          "allowableDecreasePercent": 5
        },
        "passed": true,
        "delta": -0.22480173035327766,
        "deltaPercent": -0.6131543032891582,
        "message": "Within tolerance (-0.6% change)"
      },
      {
        "metricName": "edgesPerSymbol",
        "category": "quality",
        "currentValue": 13.292105263157895,
        "baselineValue": 46.29859316681022,
        "threshold": {
          "minValue": 1,
          "trend": "higher-is-better",
          "allowableDecreasePercent": 5
        },
        "passed": false,
        "delta": -33.00648790365233,
        "deltaPercent": -71.29047698000785,
        "message": "Decreased by 71.3% (threshold: 5%)"
      },
      {
        "metricName": "graphConnectivity",
        "category": "quality",
        "currentValue": 0.8751879699248121,
        "baselineValue": 0.8937697387309791,
        "threshold": {
          "minValue": 0.3,
          "trend": "higher-is-better",
          "allowableDecreasePercent": 5
        },
        "passed": true,
        "delta": -0.01858176880616702,
        "deltaPercent": -2.079033111207187,
        "message": "Within tolerance (-2.1% change)"
      },
      {
        "metricName": "exportedSymbolRatio",
        "category": "quality",
        "currentValue": 0.5291353383458647,
        "baselineValue": 0.4596612115991961,
        "threshold": {
          "minValue": 0.2,
          "trend": "higher-is-better",
          "allowableDecreasePercent": 10
        },
        "passed": true,
        "delta": 0.06947412674666859,
        "deltaPercent": 15.114202589546952,
        "message": "Within tolerance (15.1% change)"
      },
      {
        "metricName": "sliceBuildTimeMs",
        "category": "performance",
        "currentValue": 220.5907999999763,
        "baselineValue": 867.5422999999719,
        "threshold": {
          "maxMs": 200,
          "trend": "lower-is-better",
          "allowableIncreasePercent": 125
        },
        "passed": true,
        "delta": -646.9514999999956,
        "deltaPercent": -74.57290555169662,
        "message": "Within tolerance (-74.6% increase)"
      },
      {
        "metricName": "avgSkeletonTimeMs",
        "category": "performance",
        "currentValue": 0.8690846153879718,
        "baselineValue": 0.8581384615345786,
        "threshold": {
          "maxMs": 5,
          "trend": "lower-is-better",
          "allowableIncreasePercent": 30
        },
        "passed": true,
        "delta": 0.010946153853393148,
        "deltaPercent": 1.275569659681554,
        "message": "Within tolerance (1.3% increase)"
      },
      {
        "metricName": "avgCardTokens",
        "category": "tokenEfficiency",
        "currentValue": 180.5,
        "baselineValue": 180.5,
        "threshold": {
          "maxTokens": 250,
          "trend": "lower-is-better",
          "allowableIncreasePercent": 10
        },
        "passed": true,
        "delta": 0,
        "deltaPercent": 0,
        "message": "Within tolerance (0.0% increase)"
      },
      {
        "metricName": "avgSkeletonTokens",
        "category": "tokenEfficiency",
        "currentValue": 9.153846153846153,
        "baselineValue": 9.153846153846153,
        "threshold": {
          "maxTokens": 200,
          "trend": "lower-is-better",
          "allowableIncreasePercent": 10
        },
        "passed": true,
        "delta": 0,
        "deltaPercent": 0,
        "message": "Within tolerance (0.0% increase)"
      }
    ],
    "summary": {
      "total": 10,
      "passed": 9,
      "failed": 1,
      "warnings": 0
    }
  },
  "regressionReport": {
    "summary": {
      "passed": false,
      "totalMetrics": 10,
      "improved": 4,
      "degraded": 4,
      "neutral": 2,
      "unknown": 0
    },
    "deltas": [
      {
        "metricName": "indexTimePerFile",
        "category": "indexing",
        "currentValue": 203.40951712328766,
        "baselineValue": 364.75053736842113,
        "delta": -161.34102024513348,
        "deltaPercent": -44.233250870352755,
        "trend": "improved",
        "impact": "high",
        "description": "improved by 44.2% ↓"
      },
      {
        "metricName": "indexTimePerSymbol",
        "category": "indexing",
        "currentValue": 5.582291259398496,
        "baselineValue": 9.948693956359463,
        "delta": -4.366402696960967,
        "deltaPercent": -43.889205116917374,
        "trend": "improved",
        "impact": "high",
        "description": "improved by 43.9% ↓"
      },
      {
        "metricName": "symbolsPerFile",
        "category": "quality",
        "currentValue": 36.43835616438356,
        "baselineValue": 36.66315789473684,
        "delta": -0.22480173035327766,
        "deltaPercent": -0.6131543032891582,
        "trend": "degraded",
        "impact": "none",
        "description": "36.44 (baseline: 36.66)"
      },
      {
        "metricName": "edgesPerSymbol",
        "category": "quality",
        "currentValue": 13.292105263157895,
        "baselineValue": 46.29859316681022,
        "delta": -33.00648790365233,
        "deltaPercent": -71.29047698000785,
        "trend": "degraded",
        "impact": "high",
        "description": "Decreased by 71.3% (threshold: 5%)"
      },
      {
        "metricName": "graphConnectivity",
        "category": "quality",
        "currentValue": 0.8751879699248121,
        "baselineValue": 0.8937697387309791,
        "delta": -0.01858176880616702,
        "deltaPercent": -2.079033111207187,
        "trend": "degraded",
        "impact": "none",
        "description": "0.88 (baseline: 0.89)"
      },
      {
        "metricName": "exportedSymbolRatio",
        "category": "quality",
        "currentValue": 0.5291353383458647,
        "baselineValue": 0.4596612115991961,