{
  "timestamp": "2026-02-13T21:39:42.792Z",
  "repoId": "my-repo",
  "repoPath": "F:\\Claude\\projects\\sdl-mcp\\sdl-mcp",
  "metrics": {
    "indexTimePerFile": 292.02046625,
    "indexTimePerSymbol": 8.502870718835306,
    "symbolsPerFile": 34.34375,
    "edgesPerSymbol": 40.64112829845314,
    "graphConnectivity": 0.8926296633303002,
    "exportedSymbolRatio": 0.4227479526842584,
    "sliceBuildTimeMs": 587.7168999999994,
    "avgSkeletonTimeMs": 0.7885000000018269,
    "avgCardTokens": 180.5,
    "avgSkeletonTokens": 9.153846153846153,
    "functionMethodRatio": 0.2251137397634213,
    "avgDepsPerSymbol": 40.64112829845314,
    "callEdgeCount": 6479,
    "importEdgeCount": 216844,
    "totalSymbols": 5495,
    "totalFiles": 160
  }
}
